{
  "metadata": {
    "method_name": "",
    "contact": "akaptano",
    "hardware": "CPU: AMD EPYC 7763 64-Core Processor | RAM: 7.8GB",
    "notes": "",
    "run_date": "2025-11-24T00:32:02.004447"
  },
  "metrics": {
    "initial_B_field": 0.9998258195958676,
    "final_B_field": 1.002338426903735,
    "target_B_field": 1.0,
    "optimization_time": 33.33955764770508,
    "final_normalized_squared_flux": 0.016311908159754442,
    "final_min_cs_separation": 0.10642934766036838,
    "final_min_cc_separation": 0.21861950114551354,
    "final_total_length": 10.77800090224045,
    "final_max_curvature": 7.491352140433799,
    "final_average_curvature": 2.6479885679516104,
    "final_mean_squared_curvature": 10.73523710110956,
    "final_linking_number": 0,
    "final_max_max_coil_force": 245499.93603171335,
    "final_avg_max_coil_force": 234942.32766483503,
    "final_max_max_coil_torque": 49666.30704295758,
    "final_avg_max_coil_torque": 41648.753501129904,
    "avg_BdotN_over_B": 0.15878550058568802,
    "max_BdotN_over_B": 0.470903333836266,
    "lagrange_multipliers": null,
    "output_directory": "."
  }
}