{
  "BdotN": 9.420949052842045e-05,
  "BdotN_over_B": 0.0006510216335192551,
  "quasisymmetry_average": null
}