{
  "BdotN": 8.13223274502341e-05,
  "BdotN_over_B": 0.0005613598947503567,
  "quasisymmetry_average": 0.0025818840649780095
}