{
  "metadata": {
    "method_name": "",
    "contact": "akaptano",
    "hardware": "CPU: AMD EPYC 7763 64-Core Processor | RAM: 7.8GB",
    "notes": "",
    "run_date": "2025-11-24T00:23:03.626691"
  },
  "metrics": {
    "initial_B_field": 0.14984232990585739,
    "final_B_field": 0.2270371937363706,
    "target_B_field": 0.15,
    "optimization_time": 33.903183698654175,
    "final_normalized_squared_flux": 0.059512666331497745,
    "final_min_cs_separation": 0.1475897615443615,
    "final_min_cc_separation": 0.007401799895111563,
    "final_total_length": 6.073589055058084,
    "final_max_curvature": 6.760182428784758,
    "final_average_curvature": 4.165616837181851,
    "final_mean_squared_curvature": 18.857022973972292,
    "final_linking_number": 2,
    "final_max_max_coil_force": 402935.57103575295,
    "final_avg_max_coil_force": 147955.47978160786,
    "final_max_max_coil_torque": 84649.06696068353,
    "final_avg_max_coil_torque": 31360.38234402379,
    "avg_BdotN_over_B": 0.2636026863957147,
    "max_BdotN_over_B": 0.9988856084805757,
    "lagrange_multipliers": null,
    "output_directory": "."
  }
}