{
  "BdotN": 0.0013587545076365198,
  "BdotN_over_B": 0.0008012611217139144,
  "quasisymmetry_average": null
}