{
  "BdotN": 0.0017483647695282112,
  "BdotN_over_B": 0.001845116403071492,
  "quasisymmetry_average": null
}