{
  "metadata": {
    "method_name": "",
    "contact": "akaptano",
    "hardware": "CPU: AMD EPYC 7763 64-Core Processor | RAM: 7.8GB",
    "notes": "",
    "run_date": "2025-11-23T05:05:23.785846"
  },
  "metrics": {
    "initial_B_field": 0.9999129096341824,
    "final_B_field": 1.1947804327049263,
    "target_B_field": 1.0,
    "optimization_time": 1250.87255525589,
    "final_normalized_squared_flux": 0.010260579637848245,
    "final_min_cs_separation": 0.12541975294749866,
    "final_min_cc_separation": 0.2782269604791891,
    "final_total_length": 10.943936740783837,
    "final_max_curvature": 10.802262797498608,
    "final_average_curvature": 2.833148445588219,
    "final_mean_squared_curvature": 11.228194906469058,
    "final_linking_number": 0,
    "final_max_max_coil_force": 217959.69529688565,
    "final_avg_max_coil_force": 198348.67626394422,
    "final_max_max_coil_torque": 55157.98510602163,
    "final_avg_max_coil_torque": 32610.57143351379,
    "avg_BdotN_over_B": 0.1260508797833629,
    "max_BdotN_over_B": 0.5546326922596649,
    "lagrange_multipliers": [
      -28606.444302347976,
      -0.0,
      -27253.535158156963,
      -0.0,
      -805.6842218021278,
      -0.23638699119283563,
      -0.0,
      -237620.04736884966,
      -111.08303253517786
    ],
    "output_directory": "."
  }
}