{
  "metadata": {
    "method_name": "",
    "contact": "akaptano",
    "hardware": "CPU: AMD EPYC 7763 64-Core Processor | RAM: 7.8GB",
    "notes": "",
    "run_date": "2025-11-23T16:46:42.872314"
  },
  "metrics": {
    "initial_B_field": 0.14984232990585739,
    "final_B_field": 0.15313115091131668,
    "target_B_field": 0.15,
    "optimization_time": 707.490963935852,
    "final_normalized_squared_flux": 0.00011623725202626599,
    "final_min_cs_separation": 0.06675464307112192,
    "final_min_cc_separation": 0.022092403049405795,
    "final_total_length": 4.847091149727959,
    "final_max_curvature": 8.338895488017227,
    "final_average_curvature": 5.614251475633085,
    "final_mean_squared_curvature": 32.87731652270828,
    "final_linking_number": 12,
    "final_max_max_coil_force": 4989.25080556879,
    "final_avg_max_coil_force": 2670.510662150353,
    "final_max_max_coil_torque": 1171.0727815521993,
    "final_avg_max_coil_torque": 499.3764001865011,
    "avg_BdotN_over_B": 0.0130448485699876,
    "max_BdotN_over_B": 0.05946010901186638,
    "lagrange_multipliers": [
      -83.44457870468091,
      -6.537217323222781,
      -0.0,
      -0.3654277850209638,
      -1.9760719105846385,
      -0.001462425125240825
    ],
    "output_directory": "."
  }
}