{
  "BdotN": 0.00039507936186073284,
  "BdotN_over_B": 0.0008262615011887428,
  "quasisymmetry_average": 0.006285882345528411
}