{
  "BdotN": 0.00027362172890201935,
  "BdotN_over_B": 0.0002892403009321597,
  "quasisymmetry_average": 1.2898693811627595e-05
}