{
  "BdotN": 0.00023472920850454998,
  "BdotN_over_B": 0.00024812229980243384,
  "quasisymmetry_average": 5.793624747585518e-06
}