{
  "BdotN": 0.00022865586153983532,
  "BdotN_over_B": 0.00024170956888049252,
  "quasisymmetry_average": 5.6746855930806475e-06
}