{
  "BdotN": 0.00027185530913913865,
  "BdotN_over_B": 0.00028737533956372895,
  "quasisymmetry_average": 1.4126800140101848e-05
}