{
  "BdotN": 0.00023154703178143957,
  "BdotN_over_B": 0.0002447646001046164,
  "quasisymmetry_average": 5.675484628439295e-06
}