{
  "BdotN": 0.000261480415739697,
  "BdotN_over_B": 0.00027640158324525793,
  "quasisymmetry_average": null
}