{
  "BdotN": 0.0002279716768241423,
  "BdotN_over_B": 0.0002409865551630569,
  "quasisymmetry_average": null
}