{
  "BdotN": 0.0002343151754633773,
  "BdotN_over_B": 0.0002476892272924852,
  "quasisymmetry_average": null
}