{
  "BdotN": 0.007085386284567834,
  "BdotN_over_B": 0.0029424569981171232,
  "quasisymmetry_average": null
}