{
  "BdotN": 0.007223782281440081,
  "BdotN_over_B": 0.003001981014190836,
  "quasisymmetry_average": 0.18692504248348796
}