{
  "BdotN": 0.007096237472666037,
  "BdotN_over_B": 0.0029471926413727665,
  "quasisymmetry_average": 0.1883976827201741
}