{
  "metadata": {
    "method_name": "",
    "contact": "akaptano",
    "hardware": "CPU: AMD EPYC 7763 64-Core Processor | RAM: 7.8GB",
    "notes": "",
    "run_date": "2025-11-23T19:11:52.783076"
  },
  "metrics": {
    "initial_B_field": 0.14984232990585739,
    "final_B_field": 0.23297727808634675,
    "target_B_field": 0.15,
    "optimization_time": 30.686375379562378,
    "final_normalized_squared_flux": 0.05951848402439735,
    "final_min_cs_separation": 0.1461182075360948,
    "final_min_cc_separation": 0.005841604928745076,
    "final_total_length": 6.03451241185767,
    "final_max_curvature": 6.748478168842048,
    "final_average_curvature": 4.190170735555235,
    "final_mean_squared_curvature": 18.99377984665184,
    "final_linking_number": 2,
    "final_max_max_coil_force": 521532.3481846209,
    "final_avg_max_coil_force": 178385.83479544625,
    "final_max_max_coil_torque": 112004.12219692688,
    "final_avg_max_coil_torque": 38201.46522746574,
    "avg_BdotN_over_B": 0.2628983438441977,
    "max_BdotN_over_B": 0.9965002158049645,
    "lagrange_multipliers": null,
    "output_directory": "."
  }
}