{
  "BdotN": 0.0017370705252723662,
  "BdotN_over_B": 0.0018335123635569578,
  "quasisymmetry_average": 0.0015429135335350685
}