{
  "BdotN": 0.004919809047999715,
  "BdotN_over_B": 0.004516657319161708,
  "quasisymmetry_average": null
}