{
  "BdotN": 0.0008833349178354748,
  "BdotN_over_B": 0.0009539037027629371,
  "quasisymmetry_average": null
}