{
  "BdotN": 0.007223593448349232,
  "BdotN_over_B": 0.003001962430042491,
  "quasisymmetry_average": null
}