{
  "BdotN": 0.0070948661194294195,
  "BdotN_over_B": 0.0029469083089512034,
  "quasisymmetry_average": 0.18856814580313916
}