{
  "BdotN": 0.000912169840592361,
  "BdotN_over_B": 0.000985000285888654,
  "quasisymmetry_average": 0.0627943658498538
}