{
  "BdotN": 0.0011268559146745362,
  "BdotN_over_B": 0.0006644750114810343,
  "quasisymmetry_average": 0.34465136225631476
}