{
  "BdotN": 0.0003879072029123818,
  "BdotN_over_B": 0.0008111744995827001,
  "quasisymmetry_average": null
}