{
  "metadata": {
    "method_name": "",
    "contact": "akaptano",
    "hardware": "CPU: AMD EPYC 7763 64-Core Processor | RAM: 7.8GB",
    "notes": "",
    "run_date": "2025-11-23T23:18:18.301253"
  },
  "metrics": {
    "initial_B_field": 0.9999999496180914,
    "final_B_field": 0.9987562950749579,
    "target_B_field": 1.0,
    "optimization_time": 4.560794353485107,
    "final_normalized_squared_flux": 0.03836009855328892,
    "final_min_cs_separation": 1.1582831576161472,
    "final_min_cc_separation": 0.19588837968618125,
    "final_total_length": 79.29488138856958,
    "final_max_curvature": 0.4734573281817511,
    "final_average_curvature": 0.32334842168686495,
    "final_mean_squared_curvature": 0.11364309118788546,
    "final_linking_number": 0,
    "final_max_max_coil_force": 2817176.224544979,
    "final_avg_max_coil_force": 1528334.0899792286,
    "final_max_max_coil_torque": 2833427.009714657,
    "final_avg_max_coil_torque": 1958169.7433933332,
    "avg_BdotN_over_B": 0.23597420575678849,
    "max_BdotN_over_B": 0.6053862491921648,
    "lagrange_multipliers": null,
    "output_directory": "."
  }
}