{
  "BdotN": 0.004922934015777992,
  "BdotN_over_B": 0.004520989478452411,
  "quasisymmetry_average": 5.71798758111999e-10
}